level2_MBR_1,14, 990, 99, 9422
level2_MBR_2,0, 999, 9719, 19644
level2_MBR_3,4, 983, 19691, 30458
level2_MBR_4,6, 985, 30485, 41508
level2_MBR_5,26, 994, 41565, 52507
level2_MBR_6,1, 998, 52573, 64020
level2_MBR_7,7, 996, 64066, 73250
level2_MBR_8,21, 974, 73276, 82265
level2_MBR_9,15, 985, 82327, 90990
level2_MBR_10,41, 1923, 73, 99929
level2_MBR_11,1028, 1975, 1812, 11539
level2_MBR_12,1006, 1939, 11678, 20943
level2_MBR_13,1003, 1995, 21074, 30960
level2_MBR_14,1004, 1995, 31112, 40521
level2_MBR_15,1005, 1992, 40756, 50412
level2_MBR_16,1005, 1964, 50546, 61805
level2_MBR_17,1015, 1982, 61820, 73569
level2_MBR_18,1000, 1998, 73614, 83214
level2_MBR_19,1012, 1999, 83232, 94361
level2_MBR_20,1001, 2999, 58, 99957
level2_MBR_21,2013, 2999, 2970, 13462
level2_MBR_22,2007, 2992, 13531, 22566
level2_MBR_23,2006, 2986, 22571, 31979
level2_MBR_24,2001, 2996, 32145, 41278
level2_MBR_25,2010, 2992, 41316, 51828
level2_MBR_26,2022, 2986, 51896, 58960
level2_MBR_27,2000, 2995, 59357, 68425
level2_MBR_28,2014, 2997, 68541, 78577
level2_MBR_29,2015, 2996, 78702, 87072
level2_MBR_30,2000, 2992, 87161, 96921
level2_MBR_31,2023, 3961, 142, 99733
level2_MBR_32,3031, 3999, 8609, 17408
level2_MBR_33,3010, 3999, 17536, 27236
level2_MBR_34,3004, 3989, 27278, 36079
level2_MBR_35,3018, 3995, 36182, 45909
level2_MBR_36,3031, 3988, 46196, 56860
level2_MBR_37,3001, 3998, 56874, 67131
level2_MBR_38,3000, 3994, 67518, 77577
level2_MBR_39,3016, 3994, 77741, 89817
level2_MBR_40,3001, 3983, 89918, 99093
level2_MBR_41,3035, 4999, 48, 99971
level2_MBR_42,4000, 4983, 8185, 19426
level2_MBR_43,4000, 4997, 19708, 31945
level2_MBR_44,4001, 4983, 31959, 42565
level2_MBR_45,4003, 4967, 42597, 52914
level2_MBR_46,4001, 4981, 53003, 61197
level2_MBR_47,4013, 4989, 61621, 72519
level2_MBR_48,4003, 4987, 72645, 82790
level2_MBR_49,4007, 4999, 82916, 94509
level2_MBR_50,4023, 5984, 123, 99944
level2_MBR_51,5050, 5998, 5769, 16298
level2_MBR_52,5003, 5993, 16785, 27958
level2_MBR_53,5031, 5999, 28249, 38308
level2_MBR_54,5004, 5991, 38434, 48264
level2_MBR_55,5003, 5975, 48446, 60072
level2_MBR_56,5016, 5997, 60100, 69799
level2_MBR_57,5026, 5995, 69829, 79867
level2_MBR_58,5013, 5991, 79876, 88369
level2_MBR_59,5010, 5999, 88411, 99683
level2_MBR_60,5354, 6981, 63, 99901
level2_MBR_61,6004, 6996, 10400, 20617
level2_MBR_62,6000, 6995, 20638, 30772
level2_MBR_63,6016, 6994, 30842, 40308
level2_MBR_64,6012, 6994, 40328, 50599
level2_MBR_65,6007, 6992, 50778, 61344
level2_MBR_66,6005, 6985, 61499, 71186
level2_MBR_67,6004, 6997, 71210, 82059
level2_MBR_68,6003, 6967, 82099, 94282
level2_MBR_69,6019, 7984, 31, 99743
level2_MBR_70,7006, 7979, 7142, 17916
level2_MBR_71,7004, 7987, 18079, 27827
level2_MBR_72,7007, 7990, 27837, 37668
level2_MBR_73,7007, 7999, 37672, 48384
level2_MBR_74,7005, 7994, 48419, 58145
level2_MBR_75,7002, 7973, 58514, 69360
level2_MBR_76,7003, 7990, 69367, 79556
level2_MBR_77,7025, 7992, 79585, 89076
level2_MBR_78,7003, 7994, 89136, 98279
level2_MBR_79,7029, 8996, 334, 99977
level2_MBR_80,8008, 8986, 7476, 15277
level2_MBR_81,8014, 8983, 15279, 25765
level2_MBR_82,8028, 8988, 25930, 35353
level2_MBR_83,8000, 8986, 35478, 45643
level2_MBR_84,8001, 8991, 45698, 56015
level2_MBR_85,8003, 8996, 56162, 66148
level2_MBR_86,8001, 8973, 66329, 78574
level2_MBR_87,8018, 8999, 78613, 88406
level2_MBR_88,8003, 8993, 88469, 99961
level2_MBR_89,8097, 9979, 18, 99995
level2_MBR_90,9011, 9989, 10379, 21953
level2_MBR_91,9001, 9990, 22124, 32713
level2_MBR_92,9001, 9999, 32823, 41955
level2_MBR_93,9011, 9980, 42052, 51126
level2_MBR_94,9018, 9989, 51131, 60852
level2_MBR_95,9043, 9999, 61093, 71221
level2_MBR_96,9005, 9992, 71228, 81154
level2_MBR_97,9002, 9993, 81315, 91778
level2_MBR_98,9014, 10976, 124, 99957
level2_MBR_99,10002, 10960, 636, 11498
level2_MBR_100,10002, 10986, 11716, 21258
level2_MBR_101,10011, 10983, 21448, 30844
level2_MBR_102,10001, 10995, 30880, 41729
level2_MBR_103,10000, 10992, 41815, 50181
level2_MBR_104,10008, 10990, 50229, 62310
level2_MBR_105,10005, 10998, 62363, 71902
level2_MBR_106,10008, 10998, 72083, 80233
level2_MBR_107,10004, 10986, 80323, 91248
level2_MBR_108,10040, 11892, 61, 99970
level2_MBR_109,11005, 11998, 3327, 14235
level2_MBR_110,11000, 11989, 14313, 25027
level2_MBR_111,11017, 11978, 25397, 35497
level2_MBR_112,11044, 11987, 35511, 46086
level2_MBR_113,11013, 11993, 46090, 55862
level2_MBR_114,11001, 11986, 56023, 65669
level2_MBR_115,11012, 11991, 65693, 76498
level2_MBR_116,11006, 11996, 76552, 87610
level2_MBR_117,11036, 11998, 87792, 96931
level2_MBR_118,11048, 12996, 82, 99997
level2_MBR_119,12015, 12996, 7064, 16415
level2_MBR_120,12004, 12993, 16519, 26226
level2_MBR_121,12000, 12999, 26329, 36706
level2_MBR_122,12006, 12996, 36754, 45115
level2_MBR_123,12010, 12988, 45268, 55128
level2_MBR_124,12031, 12957, 55198, 65416
level2_MBR_125,12022, 12969, 65417, 76001
level2_MBR_126,12016, 12996, 76073, 85313
level2_MBR_127,12001, 12993, 85521, 95197
level2_MBR_128,12005, 13993, 173, 99828
level2_MBR_129,13013, 13994, 5404, 13710
level2_MBR_130,13001, 13988, 13743, 23106
level2_MBR_131,13000, 13978, 23108, 32032
level2_MBR_132,13003, 13948, 32163, 42027
level2_MBR_133,13000, 13988, 42104, 51632
level2_MBR_134,13004, 13995, 51812, 62356
level2_MBR_135,13010, 13996, 62499, 72665
level2_MBR_136,13001, 13998, 72721, 80762
level2_MBR_137,13008, 13989, 80848, 89805
level2_MBR_138,13048, 14874, 107, 99860
level2_MBR_139,14013, 14975, 1413, 10201
level2_MBR_140,14002, 14998, 10326, 20867
level2_MBR_141,14001, 14993, 20981, 31523
level2_MBR_142,14006, 14979, 31572, 39891
level2_MBR_143,14005, 14995, 39978, 48034
level2_MBR_144,14016, 14997, 48110, 57194
level2_MBR_145,14007, 14997, 57237, 68537
level2_MBR_146,14006, 14988, 68552, 78584
level2_MBR_147,14015, 14972, 78733, 87804
level2_MBR_148,14013, 14996, 87872, 95716
level2_MBR_149,14009, 15979, 166, 99935
level2_MBR_150,15019, 15984, 5649, 16107
level2_MBR_151,15017, 15987, 16244, 26247
level2_MBR_152,15009, 15996, 26315, 35058
level2_MBR_153,15024, 15987, 35310, 45040
level2_MBR_154,15009, 15950, 45263, 54741
level2_MBR_155,15002, 15999, 54789, 64290
level2_MBR_156,15014, 15992, 64297, 75148
level2_MBR_157,15000, 15987, 75183, 85615
level2_MBR_158,15016, 15992, 85678, 95119
level2_MBR_159,15019, 16991, 14, 99927
level2_MBR_160,16015, 16996, 4297, 14574
level2_MBR_161,16002, 16996, 14725, 24179
level2_MBR_162,16005, 16999, 24296, 34127
level2_MBR_163,16000, 16985, 34198, 45403
level2_MBR_164,16032, 16994, 45752, 54301
level2_MBR_165,16005, 16984, 54423, 63597
level2_MBR_166,16009, 16993, 63602, 73783
level2_MBR_167,16001, 16992, 73817, 83658
level2_MBR_168,16009, 16995, 83718, 93034
level2_MBR_169,16000, 17987, 48, 99996
level2_MBR_170,17007, 17999, 2428, 12612
level2_MBR_171,17005, 17996, 12636, 21469
level2_MBR_172,17013, 17993, 21606, 29838
level2_MBR_173,17000, 17998, 29862, 39133
level2_MBR_174,17004, 17991, 39292, 48934
level2_MBR_175,17012, 17998, 48992, 58742
level2_MBR_176,17000, 17995, 58810, 69641
level2_MBR_177,17005, 17989, 69764, 79767
level2_MBR_178,17018, 17994, 79852, 90700
level2_MBR_179,17003, 18932, 40, 99862
level2_MBR_180,18001, 18995, 1411, 10750
level2_MBR_181,18000, 18989, 10767, 21975
level2_MBR_182,18012, 18945, 22115, 30212
level2_MBR_183,18011, 18970, 30400, 39414
level2_MBR_184,18013, 18994, 39439, 49241
level2_MBR_185,18017, 18999, 49577, 60807
level2_MBR_186,18025, 18965, 60865, 68981
level2_MBR_187,18016, 18999, 69199, 79574
level2_MBR_188,18029, 18994, 79624, 90268
level2_MBR_189,18016, 18981, 90354, 98823
level2_MBR_190,18064, 19995, 112, 99792
level2_MBR_191,19001, 19996, 8586, 17278
level2_MBR_192,19013, 19996, 17596, 27958
level2_MBR_193,19019, 19934, 28056, 37756
level2_MBR_194,19009, 19988, 37758, 47945
level2_MBR_195,19014, 19999, 48033, 58605
level2_MBR_196,19008, 19974, 59011, 69326
level2_MBR_197,19005, 19988, 69369, 79396
level2_MBR_198,19005, 19977, 79452, 87580
level2_MBR_199,19005, 19999, 87597, 98509
level2_MBR_200,19013, 20954, 3, 99974
level2_MBR_201,20017, 20995, 8897, 20029
level2_MBR_202,20004, 20990, 20182, 29373
level2_MBR_203,20003, 20988, 29387, 38747
level2_MBR_204,20000, 20980, 38792, 47753
level2_MBR_205,20001, 20996, 47796, 57239
level2_MBR_206,20001, 20998, 57259, 67180
level2_MBR_207,20007, 20996, 67191, 77328
level2_MBR_208,20027, 20985, 77546, 87757
level2_MBR_209,20011, 20992, 87970, 99479
level2_MBR_210,20017, 21992, 105, 99976
level2_MBR_211,21000, 21996, 9262, 18843
level2_MBR_212,21000, 21993, 18869, 28444
level2_MBR_213,21000, 21993, 28448, 38493
level2_MBR_214,21004, 21998, 38496, 48403
level2_MBR_215,21008, 21998, 48423, 58272
level2_MBR_216,21000, 21982, 58519, 69219
level2_MBR_217,21001, 21994, 69499, 79724
level2_MBR_218,21000, 21986, 79992, 89682
level2_MBR_219,21003, 21982, 89898, 99859
level2_MBR_220,22017, 22979, 116, 10661
level2_MBR_221,22001, 22984, 10777, 20899
level2_MBR_222,22007, 22990, 20939, 29818
level2_MBR_223,22012, 22974, 29926, 39295
level2_MBR_224,22011, 22985, 39335, 48634
level2_MBR_225,22029, 22987, 48760, 58103
level2_MBR_226,22003, 22997, 58157, 68159
level2_MBR_227,22006, 22990, 68246, 77442
level2_MBR_228,22001, 22998, 77498, 86251
level2_MBR_229,22019, 22992, 86461, 95277
level2_MBR_230,22001, 23987, 286, 99932
level2_MBR_231,23007, 23994, 4959, 15306
level2_MBR_232,23000, 23995, 15386, 24886
level2_MBR_233,23019, 23997, 24908, 34193
level2_MBR_234,23001, 23994, 34345, 45816
level2_MBR_235,23029, 23996, 45883, 55861
level2_MBR_236,23004, 23999, 55889, 64543
level2_MBR_237,23001, 23999, 64658, 73329
level2_MBR_238,23007, 23977, 73455, 82415
level2_MBR_239,23019, 23992, 82420, 91926
level2_MBR_240,23029, 24845, 65, 99490
level2_MBR_241,24004, 24998, 926, 10422
level2_MBR_242,24000, 24997, 10425, 20551
level2_MBR_243,24007, 24998, 20583, 31411
level2_MBR_244,24049, 24997, 31463, 39532
level2_MBR_245,24006, 24992, 39575, 50249
level2_MBR_246,24028, 24999, 50257, 58618
level2_MBR_247,24009, 24996, 58621, 67903
level2_MBR_248,24001, 24981, 67929, 77680
level2_MBR_249,24000, 24994, 77758, 87750
level2_MBR_250,24025, 24984, 87928, 97338
level2_MBR_251,24112, 25974, 7, 99811
level2_MBR_252,25010, 25996, 7551, 16074
level2_MBR_253,25000, 25998, 16158, 26804
level2_MBR_254,25000, 25999, 26911, 37265
level2_MBR_255,25000, 25983, 37275, 46830
level2_MBR_256,25001, 25993, 46953, 55811
level2_MBR_257,25006, 25993, 55834, 67141
level2_MBR_258,25003, 25997, 67170, 78193
level2_MBR_259,25015, 25970, 78319, 87183
level2_MBR_260,25019, 25996, 87194, 98178
level2_MBR_261,25021, 26985, 38, 99963
level2_MBR_262,26007, 26993, 6449, 16640
level2_MBR_263,26025, 26963, 16774, 25435
level2_MBR_264,26010, 26996, 25470, 35798
level2_MBR_265,26007, 26998, 35882, 46210
level2_MBR_266,26005, 26979, 46239, 56797
level2_MBR_267,26000, 26988, 56905, 66872
level2_MBR_268,26017, 26996, 66875, 75973
level2_MBR_269,26003, 26999, 76032, 84029
level2_MBR_270,26001, 26994, 84151, 95899
level2_MBR_271,26016, 27999, 4, 99975
level2_MBR_272,27009, 27998, 3541, 14994
level2_MBR_273,27009, 27989, 15065, 25913
level2_MBR_274,27002, 27993, 25921, 34153
level2_MBR_275,27016, 27984, 34174, 43502
level2_MBR_276,27008, 27997, 43591, 55684
level2_MBR_277,27024, 27993, 55762, 65513
level2_MBR_278,27005, 27997, 65571, 76215
level2_MBR_279,27000, 27999, 76231, 85006
level2_MBR_280,27014, 27998, 85324, 96129
level2_MBR_281,27027, 28991, 56, 99922
level2_MBR_282,28003, 28995, 4779, 15401
level2_MBR_283,28000, 28991, 15435, 24494
level2_MBR_284,28017, 28982, 24510, 33733
level2_MBR_285,28027, 28986, 33877, 43283
level2_MBR_286,28015, 28988, 43405, 53216
level2_MBR_287,28001, 28995, 53264, 61932
level2_MBR_288,28000, 28994, 61964, 72117
level2_MBR_289,28011, 28961, 72178, 83117
level2_MBR_290,28005, 28992, 83142, 93555
level2_MBR_291,28029, 29993, 21, 99993
level2_MBR_292,29000, 29993, 3769, 12290
level2_MBR_293,29009, 29992, 12490, 21651
level2_MBR_294,29007, 29999, 21763, 31696
level2_MBR_295,29028, 29995, 31707, 40234
level2_MBR_296,29000, 29985, 40428, 48802
level2_MBR_297,29000, 29989, 48914, 58515
level2_MBR_298,29011, 29987, 58853, 69514
level2_MBR_299,29004, 29973, 69758, 78790
level2_MBR_300,29006, 29993, 78803, 88649
level2_MBR_301,29020, 29987, 88768, 98439
level2_MBR_302,29055, 30966, 173, 99760
level2_MBR_303,30011, 30990, 10148, 20670
level2_MBR_304,30008, 30993, 20732, 30663
level2_MBR_305,30001, 30986, 30674, 40698
level2_MBR_306,30006, 30996, 40703, 49745
level2_MBR_307,30006, 30983, 49770, 59428
level2_MBR_308,30000, 30995, 59475, 69145
level2_MBR_309,30003, 30994, 69178, 78703
level2_MBR_310,30017, 30996, 79031, 87722
level2_MBR_311,30012, 30998, 87725, 98494
level2_MBR_312,30004, 31995, 41, 99963
level2_MBR_313,31014, 31986, 8131, 18255
level2_MBR_314,31034, 31990, 18284, 28984
level2_MBR_315,31003, 31995, 28987, 39914
level2_MBR_316,31006, 31974, 40263, 51117
level2_MBR_317,31000, 31983, 51270, 61612
level2_MBR_318,31011, 31998, 61626, 72516
level2_MBR_319,31002, 31987, 72662, 82914
level2_MBR_320,31000, 31996, 83004, 92514
level2_MBR_321,31011, 32996, 56, 99860
level2_MBR_322,32012, 32987, 5586, 15706
level2_MBR_323,32034, 32992, 15807, 24224
level2_MBR_324,32048, 32994, 24260, 34254
level2_MBR_325,32013, 32998, 34392, 44845
level2_MBR_326,32004, 32998, 44874, 52991
level2_MBR_327,32024, 32995, 53142, 63758
level2_MBR_328,32019, 32999, 63808, 73420
level2_MBR_329,32025, 32957, 73594, 83359
level2_MBR_330,32003, 32991, 83622, 95257
level2_MBR_331,32008, 33993, 13, 99980
level2_MBR_332,33035, 33997, 5922, 16615
level2_MBR_333,33008, 33993, 16720, 25923
level2_MBR_334,33002, 33998, 25969, 36783
level2_MBR_335,33013, 33995, 37006, 47457
level2_MBR_336,33009, 33985, 47558, 56964
level2_MBR_337,33009, 33984, 57474, 66776
level2_MBR_338,33006, 33998, 66913, 75379
level2_MBR_339,33009, 33994, 75522, 85167
level2_MBR_340,33004, 33970, 85321, 94819
level2_MBR_341,33009, 34982, 118, 99958
level2_MBR_342,34005, 34999, 3635, 12904
level2_MBR_343,34001, 34999, 13045, 23058
level2_MBR_344,34005, 34969, 23097, 34633
level2_MBR_345,34013, 34986, 34673, 45007
level2_MBR_346,34030, 34994, 45069, 54238
level2_MBR_347,34013, 34983, 54311, 65877
level2_MBR_348,34004, 34996, 65910, 75540
level2_MBR_349,34003, 34995, 75565, 87546
level2_MBR_350,34004, 34996, 87548, 96851
level2_MBR_351,34030, 35974, 195, 99977
level2_MBR_352,35027, 35993, 6690, 16664
level2_MBR_353,35000, 35991, 16862, 26303
level2_MBR_354,35005, 35996, 26351, 36320
level2_MBR_355,35001, 35997, 36399, 45284
level2_MBR_356,35004, 35991, 45422, 54727
level2_MBR_357,35003, 35970, 54846, 64484
level2_MBR_358,35001, 35984, 65152, 75270
level2_MBR_359,35005, 35972, 75344, 84234
level2_MBR_360,35053, 35991, 84278, 94305
level2_MBR_361,35012, 36967, 38, 99849
level2_MBR_362,36013, 36995, 5055, 15555
level2_MBR_363,36010, 36999, 15577, 25813
level2_MBR_364,36013, 36985, 25978, 36557
level2_MBR_365,36020, 36984, 36648, 47157
level2_MBR_366,36007, 36995, 47264, 57677
level2_MBR_367,36005, 36981, 57932, 66974
level2_MBR_368,36003, 36997, 66975, 76367
level2_MBR_369,36006, 36983, 76476, 86635
level2_MBR_370,36014, 36991, 86686, 98217
level2_MBR_371,36024, 37999, 30, 99926
level2_MBR_372,37001, 37999, 6166, 18194
level2_MBR_373,37000, 37997, 18210, 27963
level2_MBR_374,37027, 37990, 28002, 37162
level2_MBR_375,37031, 37994, 37188, 46845
level2_MBR_376,37008, 37991, 46864, 59410
level2_MBR_377,37010, 37998, 59432, 68588
level2_MBR_378,37002, 37996, 68675, 78388
level2_MBR_379,37002, 37978, 78448, 89747
level2_MBR_380,37023, 37988, 90238, 99734
level2_MBR_381,38001, 38994, 4, 10595
level2_MBR_382,38025, 38961, 10614, 19603
level2_MBR_383,38000, 38999, 19603, 30984
level2_MBR_384,38029, 38991, 30984, 39910
level2_MBR_385,38001, 38998, 39957, 52591
level2_MBR_386,38008, 38992, 52897, 61536
level2_MBR_387,38000, 38990, 61863, 70906
level2_MBR_388,38001, 38985, 70966, 79792
level2_MBR_389,38003, 38998, 79880, 89774
level2_MBR_390,38010, 38984, 89810, 98923
level2_MBR_391,38250, 39999, 148, 99978
level2_MBR_392,39009, 39982, 8880, 19555
level2_MBR_393,39003, 39999, 19585, 29365
level2_MBR_394,39002, 39963, 29516, 36932
level2_MBR_395,39036, 39994, 37013, 46600
level2_MBR_396,39002, 39991, 46690, 56481
level2_MBR_397,39003, 39988, 56576, 65934
level2_MBR_398,39003, 39986, 65993, 77368
level2_MBR_399,39019, 39993, 77424, 87528
level2_MBR_400,39005, 39982, 87622, 96115
level2_MBR_401,39009, 40983, 28, 99949
level2_MBR_402,40010, 40960, 5713, 16523
level2_MBR_403,40002, 40999, 16604, 25067
level2_MBR_404,40000, 40998, 25219, 33657
level2_MBR_405,40010, 40999, 33694, 43201
level2_MBR_406,40007, 40991, 43231, 53606
level2_MBR_407,40003, 40994, 53662, 62746
level2_MBR_408,40017, 40989, 62884, 73120
level2_MBR_409,40000, 40998, 73132, 82621
level2_MBR_410,40018, 40999, 82728, 93290
level2_MBR_411,40005, 41979, 182, 99980
level2_MBR_412,41009, 41998, 2842, 15255
level2_MBR_413,41001, 41988, 15269, 28344
level2_MBR_414,41000, 41991, 28363, 38387
level2_MBR_415,41005, 41983, 38441, 47869
level2_MBR_416,41008, 41994, 47885, 58164
level2_MBR_417,41016, 41996, 58295, 68803
level2_MBR_418,41001, 41994, 69103, 77224
level2_MBR_419,41041, 41998, 77548, 88021
level2_MBR_420,41000, 41995, 88093, 99918
level2_MBR_421,41857, 42997, 2, 99981
level2_MBR_422,42011, 42974, 9634, 18348
level2_MBR_423,42043, 42973, 18378, 28503
level2_MBR_424,42003, 42999, 28752, 36655
level2_MBR_425,42012, 42996, 36759, 49137
level2_MBR_426,42017, 42991, 49430, 59392
level2_MBR_427,42003, 42974, 59537, 69184
level2_MBR_428,42003, 42999, 69193, 78788
level2_MBR_429,42018, 42998, 78916, 88410
level2_MBR_430,42005, 43467, 11, 99995
level2_MBR_431,43012, 43982, 69, 9320
level2_MBR_432,43002, 43989, 9351, 17901
level2_MBR_433,43013, 43975, 18229, 27856
level2_MBR_434,43012, 43996, 27872, 37276
level2_MBR_435,43001, 43990, 37363, 48882
level2_MBR_436,43001, 43984, 49366, 59386
level2_MBR_437,43004, 43982, 59413, 69674
level2_MBR_438,43005, 43993, 69797, 79519
level2_MBR_439,43001, 43997, 79591, 89972
level2_MBR_440,43034, 43987, 90110, 99015
level2_MBR_441,43010, 44978, 53, 99926
level2_MBR_442,44008, 44998, 9779, 21581
level2_MBR_443,44001, 44994, 21673, 29997
level2_MBR_444,44020, 44972, 30050, 40375
level2_MBR_445,44017, 44968, 40536, 49712
level2_MBR_446,44015, 44988, 49738, 58224
level2_MBR_447,44001, 44992, 58279, 68794
level2_MBR_448,44007, 44993, 68830, 78849
level2_MBR_449,44001, 44999, 78877, 89580
level2_MBR_450,44025, 44996, 89776, 99465
level2_MBR_451,44044, 45997, 31, 99823
level2_MBR_452,45001, 45997, 9439, 18957
level2_MBR_453,45001, 45994, 19145, 30558
level2_MBR_454,45007, 45997, 30568, 41728
level2_MBR_455,45002, 45975, 41822, 51877
level2_MBR_456,45002, 45982, 52043, 63356
level2_MBR_457,45030, 45991, 63828, 72590
level2_MBR_458,45001, 45996, 72602, 83238
level2_MBR_459,45000, 45994, 83375, 92339
level2_MBR_460,45011, 46990, 98, 99990
level2_MBR_461,46007, 46990, 1475, 11782
level2_MBR_462,46015, 46995, 12014, 22180
level2_MBR_463,46017, 46984, 22181, 32176
level2_MBR_464,46028, 46993, 32556, 42118
level2_MBR_465,46020, 46986, 42169, 52565
level2_MBR_466,46010, 46978, 52575, 62262
level2_MBR_467,46003, 46997, 62284, 71469
level2_MBR_468,46000, 46997, 71479, 81853
level2_MBR_469,46020, 46997, 81870, 92219
level2_MBR_470,46025, 47999, 128, 99997
level2_MBR_471,47029, 47996, 2226, 11727
level2_MBR_472,47002, 47990, 11783, 21893
level2_MBR_473,47003, 47972, 21907, 31617
level2_MBR_474,47003, 47976, 31732, 43075
level2_MBR_475,47005, 47998, 43331, 52882
level2_MBR_476,47011, 47992, 53001, 61762
level2_MBR_477,47050, 47987, 61891, 71379
level2_MBR_478,47005, 47969, 71464, 82741
level2_MBR_479,47000, 47991, 82853, 92470
level2_MBR_480,47001, 48989, 82, 99888
level2_MBR_481,48000, 48995, 1279, 10059
level2_MBR_482,48006, 48986, 10160, 21027
level2_MBR_483,48008, 48986, 21108, 32351
level2_MBR_484,48014, 48988, 32353, 42957
level2_MBR_485,48013, 48999, 43010, 54049
level2_MBR_486,48010, 48995, 54068, 63878
level2_MBR_487,48004, 48960, 64040, 72127
level2_MBR_488,48002, 48995, 72201, 82156
level2_MBR_489,48001, 48999, 82276, 91443
level2_MBR_490,48012, 49904, 41, 99815
level2_MBR_491,49020, 49980, 2007, 11898
level2_MBR_492,49006, 49996, 12030, 20938
level2_MBR_493,49016, 49992, 21037, 30895
level2_MBR_494,49005, 49997, 30901, 41303
level2_MBR_495,49020, 49949, 41469, 49999
level2_MBR_496,49010, 49993, 50144, 61055
level2_MBR_497,49053, 49999, 61096, 70841
level2_MBR_498,49002, 49993, 70933, 80094
level2_MBR_499,49011, 49997, 80503, 89457
level2_MBR_500,49003, 50853, 142, 99997
level2_MBR_501,50004, 50998, 549, 11449
level2_MBR_502,50003, 50995, 11551, 20995
level2_MBR_503,50001, 50999, 21083, 29947
level2_MBR_504,50037, 50987, 29987, 39425
level2_MBR_505,50020, 50997, 39530, 48917
level2_MBR_506,50022, 50977, 49078, 58583
level2_MBR_507,50001, 50997, 58696, 69642
level2_MBR_508,50002, 50998, 69803, 80028
level2_MBR_509,50012, 50991, 80090, 88809
level2_MBR_510,50005, 50985, 89027, 97966
level2_MBR_511,50046, 51993, 124, 100000
level2_MBR_512,51001, 51992, 7127, 18340
level2_MBR_513,51000, 51988, 18485, 27455
level2_MBR_514,51006, 51998, 27527, 37546
level2_MBR_515,51000, 51993, 37563, 46532
level2_MBR_516,51009, 51999, 46608, 57744
level2_MBR_517,51019, 51999, 57770, 68276
level2_MBR_518,51001, 51992, 68354, 77391
level2_MBR_519,51009, 51997, 77500, 86930
level2_MBR_520,51007, 51997, 87018, 97274
level2_MBR_521,51057, 52995, 269, 99850
level2_MBR_522,52026, 52996, 8233, 21787
level2_MBR_523,52018, 52995, 21913, 31156
level2_MBR_524,52011, 52974, 31176, 42700
level2_MBR_525,52011, 52992, 43084, 52523
level2_MBR_526,52004, 52979, 52565, 61872
level2_MBR_527,52011, 52998, 62066, 72762
level2_MBR_528,52009, 52997, 72803, 82693
level2_MBR_529,52004, 52963, 82808, 91706
level2_MBR_530,52006, 53713, 214, 99927
level2_MBR_531,53021, 53993, 1091, 10758
level2_MBR_532,53001, 53988, 10771, 19496
level2_MBR_533,53003, 53999, 19578, 29325
level2_MBR_534,53003, 53983, 29344, 38935
level2_MBR_535,53002, 53999, 39116, 47641
level2_MBR_536,53015, 53995, 47672, 56157
level2_MBR_537,53002, 53978, 56313, 66089
level2_MBR_538,53008, 53998, 66226, 76315
level2_MBR_539,53011, 53991, 76614, 85825
level2_MBR_540,53001, 53985, 85980, 95226
level2_MBR_541,53031, 54996, 114, 99939
level2_MBR_542,54011, 54983, 6921, 15643
level2_MBR_543,54015, 54995, 15717, 25816
level2_MBR_544,54026, 54991, 25827, 36612
level2_MBR_545,54005, 54988, 36708, 46275
level2_MBR_546,54003, 54988, 46330, 58576
level2_MBR_547,54004, 54986, 58589, 67704
level2_MBR_548,54002, 54986, 67802, 77190
level2_MBR_549,54011, 54974, 77272, 86914
level2_MBR_550,54002, 54997, 86929, 97863
level2_MBR_551,54033, 55996, 10, 99997
level2_MBR_552,55011, 55986, 8735, 19116
level2_MBR_553,55022, 55986, 19124, 29213
level2_MBR_554,55012, 55985, 29263, 38689
level2_MBR_555,55006, 55994, 38736, 48647
level2_MBR_556,55017, 55989, 48793, 58027
level2_MBR_557,55009, 55994, 58054, 66844
level2_MBR_558,55012, 55986, 66865, 76809
level2_MBR_559,55000, 55974, 76883, 85766
level2_MBR_560,55017, 55995, 85781, 96240
level2_MBR_561,55008, 56976, 139, 99876
level2_MBR_562,56011, 56995, 5875, 16170
level2_MBR_563,56004, 56968, 16177, 27086
level2_MBR_564,56009, 56984, 27214, 36982
level2_MBR_565,56011, 56989, 37001, 46287
level2_MBR_566,56003, 56980, 46322, 55480
level2_MBR_567,56008, 56986, 55690, 66009
level2_MBR_568,56012, 56969, 66010, 74934
level2_MBR_569,56010, 56982, 75022, 83272
level2_MBR_570,56001, 56994, 83341, 93649
level2_MBR_571,56012, 57986, 225, 99940
level2_MBR_572,57004, 57992, 5043, 14569
level2_MBR_573,57008, 57996, 14646, 24532
level2_MBR_574,57005, 57994, 24566, 34658
level2_MBR_575,57001, 57987, 34689, 43123
level2_MBR_576,57000, 57994, 43268, 53554
level2_MBR_577,57022, 57987, 53560, 60814
level2_MBR_578,57004, 57985, 60871, 71892
level2_MBR_579,57008, 57975, 72179, 83379
level2_MBR_580,57014, 57999, 83535, 92438
level2_MBR_581,57023, 58904, 148, 99808
level2_MBR_582,58016, 58974, 3565, 13717
level2_MBR_583,58007, 58989, 13719, 22813
level2_MBR_584,58017, 58985, 22825, 33101
level2_MBR_585,58007, 58994, 33113, 41412
level2_MBR_586,58002, 58963, 41622, 51757
level2_MBR_587,58000, 58958, 52011, 63082
level2_MBR_588,58001, 58997, 63189, 72418
level2_MBR_589,58014, 58978, 72461, 84321
level2_MBR_590,58004, 58997, 84338, 94541
level2_MBR_591,58049, 59964, 188, 99933
level2_MBR_592,59009, 59998, 4263, 13682
level2_MBR_593,59009, 59997, 13719, 23901
level2_MBR_594,59002, 59982, 24269, 35132
level2_MBR_595,59008, 59997, 35411, 46055
level2_MBR_596,59013, 59978, 46085, 55309
level2_MBR_597,59006, 59992, 55328, 65021
level2_MBR_598,59000, 59995, 65076, 74425
level2_MBR_599,59005, 59997, 74435, 85118
level2_MBR_600,59004, 59990, 85203, 96618
level2_MBR_601,59065, 60997, 226, 99492
level2_MBR_602,60023, 60997, 7889, 16680
level2_MBR_603,60003, 60981, 16739, 26443
level2_MBR_604,60004, 60995, 26444, 36003
level2_MBR_605,60008, 60993, 36009, 46011
level2_MBR_606,60023, 60989, 46086, 55364
level2_MBR_607,60002, 60997, 55381, 64181
level2_MBR_608,60000, 60996, 64234, 73213
level2_MBR_609,60011, 60990, 73374, 83411
level2_MBR_610,60041, 60983, 83494, 93506
level2_MBR_611,60000, 61985, 31, 99875
level2_MBR_612,61024, 61996, 2990, 12434
level2_MBR_613,61024, 61984, 12636, 22356
level2_MBR_614,61005, 61997, 22459, 32419
level2_MBR_615,61001, 61990, 32795, 40662
level2_MBR_616,61031, 61990, 40749, 51140
level2_MBR_617,61004, 61971, 51356, 61467
level2_MBR_618,61043, 61991, 61544, 71253
level2_MBR_619,61015, 61990, 71889, 81243
level2_MBR_620,61000, 61998, 81336, 90856
level2_MBR_621,61032, 62879, 205, 99599
level2_MBR_622,62020, 62980, 1665, 12661
level2_MBR_623,62010, 62999, 12710, 23499
level2_MBR_624,62008, 62996, 23573, 32635
level2_MBR_625,62001, 62998, 32855, 42606
level2_MBR_626,62008, 62995, 42705, 52431
level2_MBR_627,62000, 62989, 52500, 62231
level2_MBR_628,62004, 62991, 62300, 71086
level2_MBR_629,62002, 62989, 71463, 81708
level2_MBR_630,62024, 62991, 81711, 92781
level2_MBR_631,62001, 63791, 28, 99888
level2_MBR_632,63000, 63989, 3200, 12568
level2_MBR_633,63002, 63995, 12656, 21926
level2_MBR_634,63018, 63995, 21956, 32133
level2_MBR_635,63013, 63997, 32175, 42535
level2_MBR_636,63016, 63995, 42585, 51969
level2_MBR_637,63008, 63997, 52056, 61658
level2_MBR_638,63000, 63979, 61702, 71508
level2_MBR_639,63004, 63999, 71631, 81136
level2_MBR_640,63016, 63994, 81358, 90441
level2_MBR_641,63007, 64967, 9, 99802
level2_MBR_642,64001, 64982, 1732, 11625
level2_MBR_643,64020, 64984, 11667, 19949
level2_MBR_644,64011, 64992, 20245, 30250
level2_MBR_645,64018, 64999, 30338, 39868
level2_MBR_646,64015, 64989, 39879, 50272
level2_MBR_647,64007, 64991, 50393, 59972
level2_MBR_648,64045, 64997, 60540, 71204
level2_MBR_649,64017, 64998, 71233, 80420
level2_MBR_650,64007, 64990, 80606, 90486
level2_MBR_651,64032, 65917, 472, 99962
level2_MBR_652,65011, 65995, 1878, 11376
level2_MBR_653,65003, 65997, 11459, 22778
level2_MBR_654,65004, 65995, 22797, 33209
level2_MBR_655,65001, 65987, 33247, 42235
level2_MBR_656,65010, 65996, 42522, 52981
level2_MBR_657,65023, 65997, 53075, 62410
level2_MBR_658,65002, 65999, 62648, 72557
level2_MBR_659,65005, 65996, 72588, 84257
level2_MBR_660,65002, 65988, 84630, 94031
level2_MBR_661,65028, 66967, 29, 99881
level2_MBR_662,66013, 66997, 3126, 15223
level2_MBR_663,66023, 66996, 15351, 25462
level2_MBR_664,66032, 66998, 25559, 34700
level2_MBR_665,66002, 66994, 34763, 42736
level2_MBR_666,66007, 66993, 42892, 52635
level2_MBR_667,66008, 66991, 52773, 62271
level2_MBR_668,66020, 66998, 62281, 71026
level2_MBR_669,66014, 66994, 71040, 80896
level2_MBR_670,66008, 66961, 81129, 92217
level2_MBR_671,66003, 67997, 498, 99915
level2_MBR_672,67004, 67981, 3423, 13017
level2_MBR_673,67006, 67995, 13064, 23092
level2_MBR_674,67013, 67986, 23172, 32954
level2_MBR_675,67011, 67990, 32962, 41583
level2_MBR_676,67006, 67985, 41657, 51396
level2_MBR_677,67008, 67995, 51404, 61125
level2_MBR_678,67011, 67986, 61152, 71353
level2_MBR_679,67005, 67985, 71462, 81374
level2_MBR_680,67000, 67996, 81575, 92222
level2_MBR_681,67000, 68885, 421, 99964
level2_MBR_682,68000, 68954, 2470, 10784
level2_MBR_683,68027, 68995, 11038, 20739
level2_MBR_684,68006, 68990, 20823, 29704
level2_MBR_685,68004, 68996, 29757, 40253
level2_MBR_686,68038, 68998, 40399, 50197
level2_MBR_687,68004, 68998, 50204, 62276
level2_MBR_688,68007, 68986, 62288, 73300
level2_MBR_689,68002, 68992, 73374, 83565
level2_MBR_690,68006, 68997, 83570, 91854
level2_MBR_691,68005, 69989, 80, 99976
level2_MBR_692,69002, 69988, 1234, 11418
level2_MBR_693,69009, 69992, 11437, 23072
level2_MBR_694,69008, 69995, 23099, 32793
level2_MBR_695,69002, 69997, 32938, 42693
level2_MBR_696,69000, 69988, 42993, 54783
level2_MBR_697,69034, 69991, 54823, 65475
level2_MBR_698,69005, 69996, 65565, 76677
level2_MBR_699,69008, 69999, 76782, 86500
level2_MBR_700,69004, 69969, 86798, 95875
level2_MBR_701,69007, 70985, 228, 99925
level2_MBR_702,70000, 70991, 4738, 15325
level2_MBR_703,70013, 70991, 15435, 23992
level2_MBR_704,70014, 70995, 24110, 34190
level2_MBR_705,70012, 70999, 34227, 45166
level2_MBR_706,70005, 70988, 45200, 56195
level2_MBR_707,70008, 70988, 56266, 65798
level2_MBR_708,70011, 70996, 65890, 75837
level2_MBR_709,70006, 70986, 75918, 84302
level2_MBR_710,70000, 70983, 84332, 93742
level2_MBR_711,70000, 71997, 148, 99934
level2_MBR_712,71009, 71986, 5485, 16102
level2_MBR_713,71006, 71993, 16270, 24099
level2_MBR_714,71014, 71996, 24313, 35396
level2_MBR_715,71001, 71984, 35420, 45903
level2_MBR_716,71016, 71994, 45908, 55106
level2_MBR_717,71008, 71992, 55134, 64983
level2_MBR_718,71006, 71995, 65120, 75684
level2_MBR_719,71001, 71987, 75724, 86252
level2_MBR_720,71032, 71950, 86273, 95262
level2_MBR_721,71032, 72994, 0, 99962
level2_MBR_722,72001, 72987, 6241, 14721
level2_MBR_723,72014, 72997, 14729, 24837
level2_MBR_724,72011, 72998, 24929, 34371
level2_MBR_725,72016, 72987, 34564, 45749
level2_MBR_726,72001, 72990, 45887, 53936
level2_MBR_727,72003, 72988, 53963, 63419
level2_MBR_728,72014, 72988, 63424, 72165
level2_MBR_729,72002, 72996, 72225, 84572
level2_MBR_730,72011, 72990, 84692, 94097
level2_MBR_731,72035, 73995, 168, 99877
level2_MBR_732,73005, 73950, 6320, 16133
level2_MBR_733,73002, 73995, 16154, 25022
level2_MBR_734,73028, 73995, 25221, 36060
level2_MBR_735,73019, 73987, 36086, 46872
level2_MBR_736,73013, 73994, 47109, 57601
level2_MBR_737,73007, 73995, 57724, 67785
level2_MBR_738,73010, 73998, 67923, 76883
level2_MBR_739,73006, 73995, 76927, 85135
level2_MBR_740,73000, 73992, 85320, 94689
level2_MBR_741,73097, 74984, 28, 99896
level2_MBR_742,74000, 74987, 5743, 14946
level2_MBR_743,74000, 74998, 14967, 25386
level2_MBR_744,74001, 74999, 25667, 35373
level2_MBR_745,74004, 74989, 35410, 45318
level2_MBR_746,74010, 74999, 45349, 54321
level2_MBR_747,74001, 74970, 54371, 63980
level2_MBR_748,74000, 74999, 64090, 74454
level2_MBR_749,74005, 74981, 74496, 84156
level2_MBR_750,74008, 74990, 84203, 94062
level2_MBR_751,74009, 75976, 25, 99694
level2_MBR_752,75015, 75992, 3903, 14515
level2_MBR_753,75011, 75996, 14552, 23469
level2_MBR_754,75035, 75971, 23508, 34856
level2_MBR_755,75024, 75998, 34934, 45091
level2_MBR_756,75003, 75990, 45096, 55138
level2_MBR_757,75035, 75983, 55168, 65304
level2_MBR_758,75003, 75988, 65337, 76877
level2_MBR_759,75000, 75999, 76889, 88299
level2_MBR_760,75004, 76673, 58, 99882
level2_MBR_761,76004, 76998, 430, 9861
level2_MBR_762,76012, 76989, 9897, 19148
level2_MBR_763,76000, 76973, 19341, 28684
level2_MBR_764,76005, 76999, 28721, 37808
level2_MBR_765,76001, 76992, 37978, 46064
level2_MBR_766,76011, 76970, 46397, 56771
level2_MBR_767,76003, 76994, 56782, 67106
level2_MBR_768,76004, 76985, 67181, 77110
level2_MBR_769,76003, 76993, 77145, 88210
level2_MBR_770,76003, 76973, 88273, 99589
level2_MBR_771,76684, 77992, 46, 99946
level2_MBR_772,77001, 77995, 9038, 19240
level2_MBR_773,77005, 77991, 19432, 28797
level2_MBR_774,77012, 77995, 28803, 39438
level2_MBR_775,77000, 77992, 39558, 49416
level2_MBR_776,77000, 77998, 49435, 61595
level2_MBR_777,77010, 77998, 61683, 71752
level2_MBR_778,77007, 77998, 71838, 80795
level2_MBR_779,77005, 77987, 80887, 93076
level2_MBR_780,77005, 78979, 27, 99975
level2_MBR_781,78000, 78993, 1200, 9622
level2_MBR_782,78000, 78997, 9809, 20273
level2_MBR_783,78010, 78995, 20445, 30737
level2_MBR_784,78003, 78990, 30822, 39756
level2_MBR_785,78004, 78989, 39805, 49624
level2_MBR_786,78017, 78999, 49816, 59403
level2_MBR_787,78000, 78968, 59770, 69636
level2_MBR_788,78007, 78991, 69745, 80086
level2_MBR_789,78019, 78999, 80336, 91395
level2_MBR_790,78006, 79972, 194, 99980
level2_MBR_791,79007, 79982, 1739, 11730
level2_MBR_792,79001, 79992, 11733, 21032
level2_MBR_793,79018, 79997, 21052, 29981
level2_MBR_794,79019, 79995, 30077, 40657
level2_MBR_795,79000, 79999, 40679, 49605
level2_MBR_796,79020, 79997, 49682, 58860
level2_MBR_797,79002, 79996, 59079, 70594
level2_MBR_798,79005, 79982, 70690, 81534
level2_MBR_799,79003, 79988, 81541, 90516
level2_MBR_800,79002, 80979, 22, 99801
level2_MBR_801,80006, 80996, 1435, 11522
level2_MBR_802,80004, 80998, 11627, 22495
level2_MBR_803,80036, 80997, 22564, 32052
level2_MBR_804,80002, 80996, 32276, 40508
level2_MBR_805,80010, 80984, 40582, 49959
level2_MBR_806,80010, 80988, 50231, 59510
level2_MBR_807,80000, 80995, 59650, 68591
level2_MBR_808,80023, 80996, 68610, 78211
level2_MBR_809,80015, 80999, 78414, 87780
level2_MBR_810,80001, 80985, 87900, 99465
level2_MBR_811,80001, 81997, 193, 99874
level2_MBR_812,81000, 81999, 9692, 19292
level2_MBR_813,81001, 81996, 19330, 30861
level2_MBR_814,81001, 81953, 30868, 41833
level2_MBR_815,81007, 81996, 41937, 53073
level2_MBR_816,81003, 81985, 53089, 62213
level2_MBR_817,81006, 81996, 62358, 72616
level2_MBR_818,81004, 81972, 72887, 82078
level2_MBR_819,81016, 81996, 82177, 93743
level2_MBR_820,81000, 82900, 442, 99965
level2_MBR_821,82022, 82994, 3028, 11589
level2_MBR_822,82009, 82998, 11616, 23114
level2_MBR_823,82000, 82998, 23184, 33430
level2_MBR_824,82017, 82992, 33565, 44613
level2_MBR_825,82006, 82991, 44960, 55396
level2_MBR_826,82010, 82997, 55539, 65120
level2_MBR_827,82014, 82999, 65157, 74142
level2_MBR_828,82003, 82990, 74151, 84955
level2_MBR_829,82011, 82996, 84958, 94519
level2_MBR_830,82012, 83904, 118, 99854
level2_MBR_831,83001, 83972, 5988, 16556
level2_MBR_832,83009, 83975, 16608, 25870
level2_MBR_833,83000, 83998, 25872, 36478
level2_MBR_834,83012, 83981, 36803, 47662
level2_MBR_835,83003, 83976, 47721, 56569
level2_MBR_836,83005, 83987, 56721, 66141
level2_MBR_837,83005, 83994, 66335, 76583
level2_MBR_838,83003, 83998, 76626, 87316
level2_MBR_839,83012, 83999, 87330, 99127
level2_MBR_840,83007, 84994, 53, 99936
level2_MBR_841,84001, 84982, 8239, 18503
level2_MBR_842,84002, 84969, 18734, 28828
level2_MBR_843,84008, 84991, 28834, 38419
level2_MBR_844,84013, 84996, 38442, 48073
level2_MBR_845,84005, 84999, 48375, 58488
level2_MBR_846,84025, 84999, 58629, 67961
level2_MBR_847,84017, 84987, 68119, 78183
level2_MBR_848,84028, 84990, 78295, 87953
level2_MBR_849,84009, 84990, 88088, 97316
level2_MBR_850,84046, 85999, 27, 99993
level2_MBR_851,85004, 85994, 5686, 14260
level2_MBR_852,85000, 85997, 14277, 23773
level2_MBR_853,85005, 85985, 23830, 34300
level2_MBR_854,85023, 85994, 34399, 45805
level2_MBR_855,85001, 85994, 45840, 55631
level2_MBR_856,85003, 85991, 55820, 66474
level2_MBR_857,85001, 85999, 66590, 77750
level2_MBR_858,85019, 85976, 77782, 87754
level2_MBR_859,85020, 85999, 87891, 96677
level2_MBR_860,85061, 86999, 132, 99901
level2_MBR_861,86021, 86997, 7609, 16728
level2_MBR_862,86037, 86986, 16743, 26406
level2_MBR_863,86000, 86982, 26436, 34284
level2_MBR_864,86010, 86999, 34349, 46314
level2_MBR_865,86010, 86992, 46391, 55554
level2_MBR_866,86008, 86981, 55672, 66120
level2_MBR_867,86001, 86981, 66150, 75410
level2_MBR_868,86009, 86997, 75484, 84684
level2_MBR_869,86009, 86999, 84715, 94195
level2_MBR_870,86002, 87984, 12, 99775
level2_MBR_871,87002, 87981, 5429, 15221
level2_MBR_872,87011, 87995, 15276, 27515
level2_MBR_873,87005, 87994, 27639, 36778
level2_MBR_874,87015, 87996, 36835, 47747
level2_MBR_875,87002, 87991, 47840, 58299
level2_MBR_876,87007, 87995, 58313, 69162
level2_MBR_877,87002, 87994, 69209, 77820
level2_MBR_878,87007, 87998, 77829, 87291
level2_MBR_879,87007, 87997, 87306, 97067
level2_MBR_880,87022, 88992, 8, 99690
level2_MBR_881,88001, 88999, 5795, 13940
level2_MBR_882,88000, 88995, 14116, 22499
level2_MBR_883,88013, 88997, 22559, 31536
level2_MBR_884,88002, 88989, 31650, 40150
level2_MBR_885,88000, 88962, 40153, 49108
level2_MBR_886,88007, 88976, 49154, 58997
level2_MBR_887,88000, 88996, 59062, 69260
level2_MBR_888,88008, 88991, 69310, 79398
level2_MBR_889,88013, 88986, 79606, 87913
level2_MBR_890,88011, 88998, 87949, 95830
level2_MBR_891,88100, 89982, 82, 99672
level2_MBR_892,89017, 89989, 4807, 15216
level2_MBR_893,89010, 89985, 15422, 24997
level2_MBR_894,89007, 89998, 25066, 36947
level2_MBR_895,89000, 89999, 36977, 45901
level2_MBR_896,89003, 89981, 45938, 55745
level2_MBR_897,89006, 89986, 55757, 66428
level2_MBR_898,89011, 89994, 66435, 75190
level2_MBR_899,89009, 89976, 75265, 85943
level2_MBR_900,89016, 89989, 85998, 96835
level2_MBR_901,89007, 90981, 73, 99910
level2_MBR_902,90000, 90994, 9052, 18717
level2_MBR_903,90008, 90998, 19006, 27818
level2_MBR_904,90002, 90999, 27910, 39480
level2_MBR_905,90002, 90998, 39513, 48546
level2_MBR_906,90003, 90998, 48674, 57485
level2_MBR_907,90020, 90998, 57497, 69240
level2_MBR_908,90008, 90989, 69258, 78810
level2_MBR_909,90001, 90982, 78909, 87742
level2_MBR_910,90000, 90978, 87822, 99253
level2_MBR_911,90013, 91996, 105, 99919
level2_MBR_912,91006, 91995, 8899, 20045
level2_MBR_913,91002, 91998, 20101, 30145
level2_MBR_914,91019, 91986, 30332, 41420
level2_MBR_915,91036, 91993, 41482, 52453
level2_MBR_916,91002, 91998, 52622, 61888
level2_MBR_917,91000, 91988, 61904, 73274
level2_MBR_918,91007, 91990, 73386, 84516
level2_MBR_919,91031, 91999, 84615, 94212
level2_MBR_920,91003, 92988, 17, 99927
level2_MBR_921,92011, 92997, 3024, 12153
level2_MBR_922,92001, 92993, 12231, 20906
level2_MBR_923,92005, 92998, 20958, 28906
level2_MBR_924,92008, 92991, 28968, 38605
level2_MBR_925,92005, 92998, 38853, 47607
level2_MBR_926,92001, 92994, 47735, 58095
level2_MBR_927,92000, 92981, 58263, 67303
level2_MBR_928,92001, 92999, 67307, 78766
level2_MBR_929,92008, 92980, 78777, 88257
level2_MBR_930,92009, 92971, 88302, 97061
level2_MBR_931,92003, 93985, 29, 99897
level2_MBR_932,93003, 93976, 6395, 15837
level2_MBR_933,93021, 93963, 15957, 26292
level2_MBR_934,93000, 93991, 26326, 35938
level2_MBR_935,93003, 93988, 35986, 45802
level2_MBR_936,93003, 93994, 45848, 54530
level2_MBR_937,93001, 93996, 54847, 64849
level2_MBR_938,93008, 93987, 64889, 76051
level2_MBR_939,93001, 93967, 76091, 84944
level2_MBR_940,93003, 93981, 85168, 94997
level2_MBR_941,93007, 94999, 306, 99814
level2_MBR_942,94037, 94995, 5987, 16006
level2_MBR_943,94016, 94966, 16043, 24626
level2_MBR_944,94002, 94996, 24677, 35434
level2_MBR_945,94005, 94994, 35456, 45673
level2_MBR_946,94052, 94999, 45820, 54916
level2_MBR_947,94005, 94987, 54969, 65643
level2_MBR_948,94002, 94969, 65792, 74852
level2_MBR_949,94003, 94962, 74865, 83338
level2_MBR_950,94013, 94994, 83338, 92005
level2_MBR_951,94003, 95906, 63, 99822
level2_MBR_952,95002, 95996, 1153, 9431
level2_MBR_953,95013, 95991, 9444, 18305
level2_MBR_954,95011, 95996, 18466, 28868
level2_MBR_955,95006, 95999, 28894, 37763
level2_MBR_956,95005, 95998, 37769, 47645
level2_MBR_957,95007, 95998, 47752, 59058
level2_MBR_958,95001, 95992, 59062, 69181
level2_MBR_959,95007, 95999, 69312, 79130
level2_MBR_960,95011, 95986, 79345, 89421
level2_MBR_961,95015, 95996, 89509, 99372
level2_MBR_962,95218, 96993, 45, 99979
level2_MBR_963,96021, 96976, 9783, 18091
level2_MBR_964,96009, 96995, 18135, 28378
level2_MBR_965,96015, 96997, 28406, 38398
level2_MBR_966,96001, 96985, 38484, 49194
level2_MBR_967,96007, 96990, 49280, 58845
level2_MBR_968,96009, 96997, 58878, 70204
level2_MBR_969,96001, 96997, 70387, 81112
level2_MBR_970,96024, 96987, 81273, 88445
level2_MBR_971,96000, 96993, 88682, 97430
level2_MBR_972,96030, 97997, 121, 99955
level2_MBR_973,97020, 97983, 7278, 17137
level2_MBR_974,97012, 97994, 17367, 28971
level2_MBR_975,97003, 97998, 29128, 40327
level2_MBR_976,97002, 97998, 40378, 51426
level2_MBR_977,97001, 97994, 51661, 61002
level2_MBR_978,97007, 97966, 61059, 72460
level2_MBR_979,97004, 97972, 72538, 83687
level2_MBR_980,97001, 97941, 83720, 93456
level2_MBR_981,97007, 98992, 214, 99937
level2_MBR_982,98001, 98989, 3730, 13410
level2_MBR_983,98002, 98990, 13463, 23090
level2_MBR_984,98003, 98995, 23144, 34828
level2_MBR_985,98005, 98988, 34874, 45225
level2_MBR_986,98016, 98989, 45375, 55119
level2_MBR_987,98004, 98989, 55223, 66312
level2_MBR_988,98000, 98996, 66882, 76964
level2_MBR_989,98002, 98991, 77170, 86368
level2_MBR_990,98003, 98988, 86420, 95231
level2_MBR_991,98010, 99985, 15, 99663
level2_MBR_992,99020, 99994, 4958, 15015
level2_MBR_993,99005, 99994, 15047, 25177
level2_MBR_994,99005, 99994, 25193, 36708
level2_MBR_995,99001, 99994, 36966, 46302
level2_MBR_996,99000, 99992, 46401, 57264
level2_MBR_997,99003, 99994, 57359, 66626
level2_MBR_998,99005, 99991, 66706, 77812
level2_MBR_999,99021, 100000, 77883, 89320
level2_MBR_1000,99003, 99980, 89440, 99910
